{
  "project_info": {
    "project_number": "294509180807",
    "project_id": "aliesa",
    "storage_bucket": "aliesa.appspot.com"
  },
  "client": [
    {
      "client_info": {
        "mobilesdk_app_id": "1:294509180807:android:5a45f8e3694c0fe33c0522",
        "android_client_info": {
          "package_name": "com.larntech.aliesa"
        }
      },
      "oauth_client": [
        {
          "client_id": "294509180807-7hd13el4idaapeneuqq1v8cief6if25m.apps.googleusercontent.com",
          "client_type": 3
        }
      ],
      "api_key": [
        {
          "current_key": "AIzaSyBHy1fVIZhCmsw87oVkIIOUkq-KPMBBj0Y"
        }
      ],
      "services": {
        "appinvite_service": {
          "other_platform_oauth_client": [
            {
              "client_id": "294509180807-7hd13el4idaapeneuqq1v8cief6if25m.apps.googleusercontent.com",
              "client_type": 3
            }
          ]
        }
      }
    }
  ],
  "configuration_version": "1"
}